subreddit,subscribers
announcements,22108907
funny,18890705
AskReddit,18674930
todayilearned,18372537
science,18266558
worldnews,18251825
pics,18201521
IAmA,17706724
gaming,17632070
videos,17371966
movies,17146638
aww,16665595
Music,16498443
blog,16286675
gifs,15738938
news,15657114
explainlikeimfive,15245741
askscience,15154559
EarthPorn,14847812
books,14222509
television,14187426
mildlyinteresting,13872145
LifeProTips,13776601
Showerthoughts,13572680
space,13506335
DIY,13341836
Jokes,13239687
gadgets,13128586
nottheonion,13073496
sports,13040235
tifu,13001704
food,12935550
photoshopbattles,12873733
InternetIsBeautiful,12903833
Documentaries,12818372
history,12785459
Futurology,12784882
dataisbeautiful,12776998
UpliftingNews,12749594
listentothis,12735462
GetMotivated,12689638
personalfinance,12680637
OldSchoolCool,12573760
philosophy,12520642
Art,12458731
nosleep,12069545
WritingPrompts,12054109
creepy,12035111
TwoXChromosomes,11539007
Fitness,6292140
technology,5913217
WTF,5009332
bestof,4851553
AdviceAnimals,4508857
politics,3677444
atheism,2140312
interestingasfuck,1843984
europe,1644538
woahdude,1600713
BlackPeopleTwitter,1430178
leagueoflegends,1324977
oddlysatisfying,1324956
gonewild,1332657
pcmasterrace,1302537
reactiongifs,1290510
gameofthrones,1242490
wholesomememes,1193496
Unexpected,1175970
Overwatch,1113938
trees,1085834
facepalm,1081109
Android,1061030
lifehacks,1023765
me_irl,1003949
relationships,992997
Games,976558
nba,974103
programming,966641
tattoos,909199
CrappyDesign,887188
NatureIsFuckingLit,887449
nsfw,888358
dankmemes,883201
Whatcouldgowrong,883407
cringepics,876627
4chan,861996
soccer,853049
comics,852932
sex,849625
pokemon,848224
malefashionadvice,837216
NSFW_GIF,837066
Frugal,824361
StarWars,824638
HistoryPorn,814404
AnimalsBeingJerks,808279
RealGirls,815383
travel,801338
buildapc,798532
OutOfTheLoop,796684
